use band ;

-- 부원 
INSERT INTO 부원(학번, 이름, 학과, 기수, 세션)
VALUES
('20250219', '박퓬댠', '중어중국전공', 35, '보컬'),
('20259774', '김궙붚', '국제경영전공', 35, '보컬'),
('20258754', '박뮬멉', '응용화학전공', 35, '보컬'),
('20258503', '서듮늏', '디지털공예전공', 35, '드럼'),
('20249290', '이흏컧', '큐레이터전공', 35, '드럼'),
('20258407', '왕놐퇊', '국어국문전공', 35, '드럼'),
('20231328', '강윀금', '아동전공', 35, '기타'),
('20236885', '김귨뇿', '커뮤니케이션콘텐츠전공', 35, '기타'),
('20225966', '박맾뫣', '패션디자인전공', 35, '기타'),
('20234012', '정챗튇', '일어일본전공', 35, '기타'),
('20253134', '김궲쿫', '국어국문전공', 35, '기타'),
('20222839', '정뢹햗', '경제전공', 35, '기타'),
('20247219', '이컠웙', '국어국문전공', 35, '키보드'),
('20247355', '박먛좿', '컴퓨터전공', 35, '키보드'),
('20220320', '임톶뷍', '데이터사이언스전공', 35, '키보드'),
('20224797', '류걪똷', '국어국문전공', 35, '베이스'),
('20223248', '정윌쇆', '영어전공', 35, '베이스'),
('20251853', '이뷈뗳', '체육전공', 35, '베이스'),
('20230280', '엄맇솊', '데이터사이언스전공', 34, '기타'),
('20220987', '오늊뇯', '문예창작전공', 34, '드럼'),
('20226215', '정쑐눰', '중어중국전공', 34, '드럼'),
('20244952', '배싹숃', '국어국문전공', 34, '보컬'),
('20240067', '계튣볭', '문헌정보전공', 34, '베이스'),
('20238625', '신껇쥧', '중어중국전공', 34, '키보드'),
('20242246', '임칑돽', '문화예술경영전공', 34, '보컬'),
('20219975', '강쐹넋', '문헌정보전공', 34, '드럼'),
('20234620', '황코뻃', '문화예술경영전공', 34, '베이스'),
('20236655', '윤퐻펕', '패션디자인전공', 34, '키보드'),
('20213782', '김쌥탳', '국어국문전공', 34, '기타'),
('20242215', '강롎끳', '시각디자인전공', 34, '드럼'),
('20244651', '김껮홒', '중어중국전공', 34, '보컬'),
('20229703', '김몕뺅', '글로벌MICE융합전공', 34, '기타'),
('20241983', '김넛뫦', '문화예술경영전공', 34, '키보드'),
('20247459', '양뉶쑓', '체육전공', 34, '키보드'),
('20207782', '김뷊줄', '경영전공', 34, '드럼'),
('20240492', '정풯썙', '정보통계전공', 34, '키보드'),
('20211457', '이뙨쎱', '커뮤니케이션콘텐츠전공', 34, '기타'),
('20215052', '장슼륨', '미디어디자인전공', 34, '베이스'),
('20218755', '권훤봖', '커뮤니케이션콘텐츠전공', 33, '기타'),
('20232536', '신핹낑', '유러피언스터디즈전공', 33, '기타'),
('20226487', '정틼풣', '커뮤니케이션콘텐츠전공', 33, '드럼'),
('20239092', '김뛳츯', '문헌정보전공', 33, '보컬'),
('20239033', '김뮪뙵', '경영전공', 33, '기타'),
('20231641', '정즕쑈', '경제전공', 33, '베이스'),
('20220441', '강뵆퓵', '유러피언스터디즈전공', 33, '기타'),
('20238145', '이쾥먎', '문헌정보전공', 33, '기타'),
('20227168', '김상꾔', '정보통계전공', 33, '키보드'),
('20225468', '고모긍', '경영전공', 33, '기타'),
('20223692', '우쀰얬', '회화전공', 33, '드럼'),
('20224621', '정봢뀼', '식품영양전공', 33, '베이스'),
('20217711', '서릀큌', '큐레이터전공', 33, '기타'),
('20214804', '주쀣릛', '문화예술경영전공', 33, '베이스'),
('20204581', '이헲쯳', '문헌정보전공', 33, '보컬'),
('20239018', '이앒픤', '커뮤니케이션콘텐츠전공', 33, '보컬') ;
SELECT * FROM 부원;

-- 세션장
INSERT INTO 세션장 (학번, 기수, 세션) VALUES
(20250219, 35, '보컬'),
(20249290, 35, '드럼'),
(20234012, 35, '기타'),
(20247219, 35, '키보드'),
(20224797, 35, '베이스'),
(20230280, 34, '기타'),
(20244952, 34, '보컬'),
(20242215, 34, '드럼'),
(20240492, 34, '키보드'),
(20215052, 34, '베이스'),
(20239092, 33, '보컬'),
(20227168, 33, '키보드'),
(20223692, 33, '드럼'),
(20224621, 33, '베이스'),
(20217711, 33, '기타') ;
select * from 세션장 ;

-- 임원진
insert into 임원진 (학번, 기수, 직급) values
(20250219, 35, '가창부장'),
(20258503, 35, '홍보부장'),
(20258407, 35, '회장'),
(20225966, 35, '부회장'),
(20253134, 35, '교육부장'),
(20247219, 35, '기획부장'),
(20247355, 35, '총무'),
(20230280, 34, '회장'),
(20220987, 34, '부회장'),
(20226215, 34, '총무'),
(20244952, 34, '가창부장'),
(20240067, 34, '교육부장'),
(20238625, 34, '기획부장'),
(20242246, 34, '홍보부장'),
(20218755, 33, '회장'),
(20232536, 33, '부회장'),
(20226487, 33, '총무'),
(20239092, 33, '가창부장'),
(20239033, 33, '교육부장'),
(20231641, 33, '기획부장'),
(20220441, 33, '미화부장'),
(20238145, 33, '홍보부장') ;
select * from 임원진 ;

-- 팀
INSERT INTO 팀 (팀번호, 곡이름, 가수)
VALUES
(2025301, '매직카펫라이드', '자우림'),
(2025302, 'STAR', '엔플라잉'),
(2025403, '우리의꿈', '코요테'),
(2025404, '환호', '영케이'),
(2025501, '클라우드쿠쿠랜드', '정우'),
(2025601, 'antifreeze', '백예린'),
(2025702, 'yellow', 'coldplay'),
(2025707, '아틀란티스소녀', '보아'),
(2025201, '얼음요새', '터치드'),
(2025801, '새벽별', '터치드'),
(2025101, '푸른공상', '신인류'),
(2024201, '너의이름은맑음', '김마리'),
(2024202, '청춘', '우효'),
(2024103, 'ONCE', '유다빈밴드') ;
select * from 팀 ;


-- 공연
INSERT INTO 공연 (공연번호, 행사명, 날짜, 지출)
VALUES
(20253, '2025새내기배움터', '2025-02-25', 0),
(20254, '2025동아리박람회', '2025-03-12', 30000),
(20255, '2025학생총회', '2025-03-19', 0),
(20256, '2025버스킹', '2025-05-20', 30000),
(20257, '2025연합공연', '2025-06-01', 0),
(20252, '2025겨울공연', '2025-02-12', 1098880),
(20258, '2025여름공연', '2025-08-12', 1210000),
(20251, '2025여대연합공연', '2025-01-09', 0),
(20242, '2024여름공연', '2024-08-13', 1349090),
(20241, '2024버스킹', '2024-05-21', 50000) ;
select * from 공연 ;


-- 지원서
INSERT INTO 지원서 (학번, 지원순서, 지원동기, 지원세션) VALUES
('20230280', 34006, '많은 사람들 앞에서 공연하는게 꿈이었습니다.', '기타'),
('20232536', 34117, '데이식스를 좋아해서 밴드 연주를 하고 싶습니다', '드럼'),
('20226487', 34054, '좋아하는 곡을 연주하고 싶습니다', '드럼'),
('20244952', 34093, '노래를 잘합니다', '보컬'),
('20240067', 34001, '베이스를 배워보고 싶었습니다', '베이스'),
('20238625', 34078, '교회에서 키보드를 담당하였고, 밴드 공연을 하고 싶었습니다', '키보드'),
('20242246', 34189, '노래를 잘하고 공연에 서고싶습니다', '보컬'),
('20218755', 33001, '기타를 배우고 싶습니다', '기타'),
('20232536', 33098, '기타를 원래 칠 수 있는데 공연하고싶습니다', '기타'),
('20226487', 33126, '친한 친구가 있습니다', '드럼'),
('20239092', 33060, '이 동아리가 멋져보입니다', '보컬'),
('20239033', 33070, '합주를 해보고 싶습니다', '기타') ;
select * from 지원서 ;


-- 조언
INSERT INTO 조언 (조언자_학번, 조언받는_학번) VALUES
('20218755', '20230280'),
('20232536', '20220987'),
('20226487', '20226215'),
('20239092', '20244952'),
('20239033', '20240067'),
('20230280', '20250219'),
('20220987', '20259774'),
('20226215', '20258754'),
('20244952', '20258503'),
('20240067', '20249290'),
('20230280', '20226487'), 
('20230280', '20239033'), 
('20232536', '20240067'),  
('20232536', '20244952') ; 
select * from 조언 ;

-- 팀_부원
INSERT INTO 팀_부원 (팀번호, 학번) VALUES
(2025301, '20230280'),
(2025301, '20213782'),
(2025301, '20242246'),
(2025301, '20226215'),
(2025301, '20240492'),
(2025301, '20240067'),
(2025302, '20230280'),
(2025302, '20213782'),
(2025302, '20244952'),
(2025302, '20226215'),
(2025302, '20240492'),
(2025302, '20240067'),
(2025403, '20230280'),
(2025403, '20213782'),
(2025403, '20223692'),
(2025403, '20220987'),
(2025403, '20236655'),
(2025403, '20242246'),
(2025404, '20226215'),
(2025404, '20226487'),
(2025404, '20220987'),
(2025404, '20242215'),
(2025404, '20207782'),
(2025404, '20219975'),
(2025501, '20230280'),
(2025501, '20226215'),
(2025501, '20220987'),
(2025501, '20244952'),
(2025501, '20232536'),
(2025501, '20240067'),
(2025601, '20229703'),
(2025601, '20253134'),
(2025601, '20234620'),
(2025601, '20244651'),
(2025601, '20220320'),
(2025601, '20258407'),
(2025702, '20240067'),
(2025702, '20242246'),
(2025702, '20226215'),
(2025702, '20236655'),
(2025707, '20230280'),
(2025707, '20232536'),
(2025707, '20226215'),
(2025707, '20220987'),
(2025707, '20244651'),
(2025707, '20229703'),
(2025201, '20244952'),
(2025201, '20213782'),
(2025201, '20207782'),
(2025201, '20240492'),
(2025201, '20240067'),
(2025201, '20220987'),
(2025801, '20244952'),
(2025801, '20207782'),
(2025801, '20240492'),
(2025801, '20219975'),
(2025801, '20213782'),
(2025801, '20215052'),
(2025101, '20239092'),
(2025101, '20218755'),
(2025101, '20232536'),
(2025101, '20226487'),
(2025101, '20224621'),
(2025101, '20227168'),
(2024201, '20239092'),
(2024201, '20218755'),
(2024201, '20232536'),
(2024201, '20226487'),
(2024201, '20224621'),
(2024201, '20227168'),
(2024202, '20239033'),
(2024202, '20231641'),
(2024202, '20239018'),
(2024202, '20242215'),
(2024202, '20220441'),
(2024202, '20247459'),
(2024103, '20230280'),
(2024103, '20218755'),
(2024103, '20227168'),
(2024103, '20239018'),
(2024103, '20231641'),
(2024103, '20242215') ;
select * from 팀_부원 ;


-- 공연_팀
INSERT INTO 공연_팀 (공연번호, 팀번호) VALUES
(20253, 2025301),
(20253, 2025302),
(20254, 2025403),
(20254, 2025404),
(20255, 2025501),
(20256, 2025601),
(20257, 2025702),
(20257, 2025707),
(20252, 2025201),
(20258, 2025801),
(20251, 2025101),
(20242, 2024201),
(20242, 2024202),
(20241, 2024103) ;
select * from 공연_팀 ;